14,"_Documentales","Balseros.[spanish.divx.5.05.pro][de.torpedorr][grupo.eshock-YDM][www.eshock.cc].avi"
15,"_Documentales","Camino a Guantanamo.[Esp].DvDScreener.Xvid-AC3.[www.animersion.net].by.ART.avi"
16,"_Documentales","El Desencanto (Jaime Chavarri 1976) By Tiglatpileser.avi"
25,"_Documentales","El Tren de la Memoria.avi"
17,"_Documentales","En El Mundo A Cada Rato.avi"
20,"_Documentales","es facil dejar de fumar si sabes como antena 3 metodo allen carr dvd rip xvid 27_12_2005.avi"
24,"_Documentales","Esta no es la vida privada de Javier Krahe Dvdrip.avi"
23,"_Documentales","inside job.avi"
22,"_Documentales","Julio Cortazar - Entrevista en A Fondo (1977-TVE) by Kermig.avi"
29,"_Documentales","La vida loca.2008 (Christian Poveda) (Documental Canal+) [Satrip][xvid-mp3].89m.por bizzentte y documentalesatonline.avi"
18,"_Documentales","La.espalda.del.mundo_RipDVD_by.Oliseh_xvid2pass.avi"
30,"_Documentales","Leopoldo M.Panero(la mandragora)by Deri.mpg"
27,"_Documentales","Los pasos dobles (Isaki Lacuesta, 2011).avi"
19,"_Documentales","Los sin tierra, por los caminos de america.Genial.Por Blodmer.avi"
31,"_Documentales","Salvador Dalí - (Entrevista A Fondo 1977).mpg"
28,"_Documentales","Searching for Sugar Man.avi"
26,"_Documentales","The Devil and Daniel Johnston.2005 (Documental Canal HD).[Spanish][SATRip][xvid-mp3].105m.by.Dok.avi"
32,"_Documentales","Un Dia Con Panero + Leopoldo Maria panero + Carlos Ann + Bunbury - Documental.mpg"
21,"_Documentales","zeitgeist -official release in spanish (subtÃ­tulos en espaÃ±ol).avi"
187,"aa sin archivar","Al.Otro.Lado.[Spanish].CVCD..DVDScreener.[DTL].mpg"
114,"aa sin archivar","Amen.avi"
113,"aa sin archivar","Arrebato.avi"
115,"aa sin archivar","Atrapado en el Tiempo (Spanish Divx).avi"
181,"aa sin archivar","Bagdad cafe.avi"
117,"aa sin archivar","Before.the.Devil.Knows.Youre.Dead.DVDrip.Xvid.Mp3.[www.SuBTorrents.com].avi"
185,"aa sin archivar","Blade Runner (Final Cut) HDrip.Xvid AC3.avi"
188,"aa sin archivar","Bloody.Sunday.(domingo sangriento)DvD-Rip.Spanish.KVCD.Grup.AR_MI.mpg"
118,"aa sin archivar","Blow-Up (Deseo De Una Mañana De Verano) (Michelangelo Antonioni, 1966) {Dual}.avi"
119,"aa sin archivar","Brazil.cd1-dual.español.ingles-torpedorr-eshock-YDM.avi"
120,"aa sin archivar","Brazil.cd2-dual.español.ingles-torpedorr-eshock-YDM.avi"
121,"aa sin archivar","Buenas.Noches.y.Buena.Suerte.Spanish.[DvDScreener].[WwW.EstrenosDivX.CoM].avi"
122,"aa sin archivar","Cabaret-Divx 5.2.1-DvdRip-Spanish(Subt. En Canciones)-Por Amorlorca.avi"
123,"aa sin archivar","Charada[DvdRip-Dual][Xvid-Mp3][proteinicos]merxe.avi"
140,"aa sin archivar","Chico & Rita.avi"
124,"aa sin archivar","Cinema.Paradiso[spanish.divx][dvd-rip][joseett].avi"
125,"aa sin archivar","Confesiones.De.Una.Mente.Peligrosa.avi"
126,"aa sin archivar","Cuentos De La Luna Palida De Agosto.avi"
127,"aa sin archivar","De Aqui A La Eternidad.avi"
128,"aa sin archivar","Dejame entrar.avi"
189,"aa sin archivar","Dentro.del.laberinto[Spanish.CVCD][by.PMM][www.lowid.tk][www.informaticaparatodos.2ya.com].mpg"
129,"aa sin archivar","Diamante.De.Sangre.[Blood Diamond].[DVDScreener].[V.O.Sub.Spanish].[UltimosDivX.CoM].[EstrenosP2P.avi"
131,"aa sin archivar","Easy.rider.(1969).avi"
132,"aa sin archivar","El Callejon de los Milagros.avi"
190,"aa sin archivar","El cazador 1978-Robert De Niro.mpg"
191,"aa sin archivar","El gran dictador.mpg"
133,"aa sin archivar","El Gran Gatsby Dual Esp-Eng CD 1.avi"
130,"aa sin archivar","El Gran Vazquez.avi"
134,"aa sin archivar","El Odio (La Haine)_español_PELICULON.avi"
135,"aa sin archivar","El Rey Del Juego [DVDRIP][Spanish].avi"
136,"aa sin archivar","El.Buscavidas.Spanish.XviD.MP3.DVDRip.By.FreAk.TEAm.avi"
137,"aa sin archivar","El.Crack_Dvdrip.avi"
147,"aa sin archivar","En la casa.avi"
138,"aa sin archivar","En un Mundo Libre (Spanish) 2007 DVDRIP Xvid-Mp3 (Centraldivx.com).avi"
139,"aa sin archivar","En.la.Cuerda.Floja.Spanish.[TeleCine].avi"
141,"aa sin archivar","Enmanuel.avi"
142,"aa sin archivar","Funy Games DVDRip AC3 Dual.avi"
116,"aa sin archivar","Gainsbourg.avi"
143,"aa sin archivar","Ghost World Dvdrip Spanish By Cerni.avi"
144,"aa sin archivar","Gigante.avi"
145,"aa sin archivar","Hacia Rutas Salvajes.avi"
146,"aa sin archivar","Hard Candy [by Holden] [www.hermeticos.org].avi"
149,"aa sin archivar","La Cabina Antonio Mercero Jose Luis Lopez Vazquez.avi"
178,"aa sin archivar","La Cinta Blanca.avi"
152,"aa sin archivar","La Grande Bellezza (V.O.S.E) 2013.avi"
150,"aa sin archivar","La Leyenda del Indomable.avi"
151,"aa sin archivar","La Mision [DVDRIP][www.elmejorwarez.org].avi"
182,"aa sin archivar","La teta asustada.avi"
153,"aa sin archivar","la verdadera historia del cine (forgotten silver - peter jackson) spanish by angelui.avi"
154,"aa sin archivar","La.Guerra.De.Charlie.Wilson.Spanish.avi"
155,"aa sin archivar","La.Vida.de.los.Otros.Spanish.[DvDScreener].[EstrenosDivX.CoM].avi"
156,"aa sin archivar","Las Ventajas De Ser Un Marginado.avi"
157,"aa sin archivar","Las Virgenes Suicidas(By Servertt) Spanish Divx.avi"
158,"aa sin archivar","lo que se de lola.DIVX.DVDRip.PAPI45.avi"
159,"aa sin archivar","Los.Tres.Entierros.de.Melquiades.Estrada.Spanish.[DvDScreener].[WwW.EstrenosDivX.CoM].avi"
148,"aa sin archivar","Love exposure (Ai no mukidashi) - Shion Sono - V.O.Sub.Spa.avi"
160,"aa sin archivar","marcado por el odio spanish paul newman boxeo (ripped by tylerdurden) (TCM).avi"
161,"aa sin archivar","Michael.Clayton.[Spanish].TS-Screener.XviD.MP3.[DTL].avi"
162,"aa sin archivar","Miedo Y Asco En Las Vegas Dvd-Rip Divx5-Mp3 Spanish Dvd-Rippers.avi"
163,"aa sin archivar","Papillon.[CD1].(Spanish).(DVD-Rip).(XviD-mp3).(by.SDG).(sdg-es.com).avi"
164,"aa sin archivar","Papillon.[CD2].(Spanish).(DVD-Rip).(XviD-mp3).(by.SDG).(sdg-es.com).avi"
165,"aa sin archivar","Persepolis.[Spanish].DVDScreener.XviD.MP3.[DTL].avi"
166,"aa sin archivar","promesas del este dvdrip xvid mp3 sub spanish (cinesubtitulado cl).avi"
167,"aa sin archivar","Que Fue De Baby Jane.avi"
177,"aa sin archivar","Retorno al pasado- (Jacques Tourneur 1947) Español DVDRipp DivX by Tritón.avi"
169,"aa sin archivar","Romero.DVD-RIP.DivXPRO 5.21. Alta Resolución.CASTELLANO.Monseñor Oscar Arnulfo Romero, arzobispo y mártir de El Salvador.avi"
170,"aa sin archivar","Sexo Mentiras y Cintas de Video [DVDRip][Spanish].avi"
171,"aa sin archivar","Syriana.Spanish.[DvDScreener].[WwW.EstrenosDivX.CoM].avi"
172,"aa sin archivar","Ten Minutes Older The Trumpet sub esp.avi"
173,"aa sin archivar","The.Rocky.Horror.Picture.Show.DVDrip.Xvid+mp3.VOS.Spanish.[ZonaRipper's.para.Elitefreak.net].by.Cerni.avi"
174,"aa sin archivar","trainspotting.spanish.divx.avi"
179,"aa sin archivar","UN PROFETA.avi"
168,"aa sin archivar","Una Pistola En Cada Mano.avi"
175,"aa sin archivar","Una.Historia.Del.Bronx.avi"
180,"aa sin archivar","Up in the Air.avi"
183,"aa sin archivar","Vacaciones en ferragosto.avi"
176,"aa sin archivar","Viaje a Darjeeling (Spanish) 2007 DVDRIP Xvid-Mp3 (Centraldivx.com).avi"
184,"aa sin archivar","Yo Servi Al Rey De Inglaterra. - DvDScreener.avi"
186,"aa sin archivar","Yo,El Vaquilla.mpg"
83,"aaa sin ver","1612 dvdrip.avi"
106,"aaa sin ver","A SANGRE FRIA- Richard Brooks 1967 (D).avi"
62,"aaa sin ver","Adios pequeña adios.avi"
60,"aaa sin ver","Air Doll.avi"
87,"aaa sin ver","Asuntos privados en lugares publicos DVDRip Ac3.avi"
41,"aaa sin ver","Bestias del Sur Salvaje.avi"
46,"aaa sin ver","BLANCANIEVES Pablo Berger.avi"
80,"aaa sin ver","Cadillac.Records.2009.DVDScreeners.SPANISH.avi"
92,"aaa sin ver","Carta de una Desconocida (1948).avi"
40,"aaa sin ver","Chacun Son Cinema A Cada Uno Su Cine VOSubtCast.avi"
100,"aaa sin ver","Ciudad.Del.Silencio.Bordertown.DVD-Screener.Xvid-Mp3.Spanish.[BajandoXvid.com].avi"
66,"aaa sin ver","Corazon de tinta.avi"
96,"aaa sin ver","cuento de primavera (eric rohmer 1989).avi"
99,"aaa sin ver","Deseo.Peligro.CD1.[Spanish].DVDScreener.XviD.MP3.[DTL].avi"
98,"aaa sin ver","Deseo.Peligro.CD2.[Spanish].DVDScreener.XviD.MP3.[DTL].avi"
73,"aaa sin ver","Detalles De Genio.avi"
61,"aaa sin ver","Dia de Fiesta.avi"
43,"aaa sin ver","El Lado Bueno De Las Cosas.avi"
53,"aaa sin ver","El Niño de la Bicicleta.avi"
65,"aaa sin ver","El primer dia del resto de tu vida.avi"
88,"aaa sin ver","El Principe De Las Tinieblas DVDRip Ac3 Dual.avi"
86,"aaa sin ver","El Viaje De Nuestras Vidas.avi"
104,"aaa sin ver","El.Politico.(1949)[Dual-Sub][LI][CG].by.chemarix.avi"
56,"aaa sin ver","En el Centro de la Tormenta.avi"
55,"aaa sin ver","En un Mundo Mejor.avi"
52,"aaa sin ver","Film socialisme - Jean-Luc Godard.avi"
42,"aaa sin ver","Gracias Por Fumar.avi"
38,"aaa sin ver","Holy Motors vose.avi"
76,"aaa sin ver","Import Export. DVDRip. XviD. AC3. 2007.avi"
72,"aaa sin ver","Kids.avi"
108,"aaa sin ver","Kiseki, Milagro , Hirokazu Koreeda.avi"
93,"aaa sin ver","La escafandra y la mariposa.Julian Schnabel.V.O.S.Castellano.DVDRip.XviD.avi"
105,"aaa sin ver","la gran ilusion. Jean Renoir.mp3(le.grand.illusion)spanish.avi"
64,"aaa sin ver","La Historia Del Camello Que Llora.avi"
57,"aaa sin ver","La llave de Sarah.avi"
89,"aaa sin ver","La Muerte Del Senor Lazarescu DVDRip Ac3 Dual.avi"
97,"aaa sin ver","la soledad---jaime rosales dvd rip--spanish.avi"
54,"aaa sin ver","La Vida Mancha.avi"
101,"aaa sin ver","La.Noche.De.Los.Girasoles.Spanish.XviD.MP3.DVDRip.By.FreAk.TEAm.avi"
103,"aaa sin ver","La.Palabra.(Ordet).[C.Th.Dreyer.1955][SPANISH][TVrip.by.jpetrus].DivX.5.0.avi"
107,"aaa sin ver","La.Vida.de.Pi.(2012)HDRip.Xvid.AC3.Spanish.English.Por.Annaa.(eMuleSonic.com).avi"
102,"aaa sin ver","Las diabólicas (Les.diaboliques.1955)_Spanish.avi"
85,"aaa sin ver","Las Horas del verano.avi"
51,"aaa sin ver","Las nieves del Kilimanjaro VOSE (Robert Guédiguian).avi"
50,"aaa sin ver","Le Havre (V.O.S.E).avi"
78,"aaa sin ver","lejosdelatierra.ts.avi"
67,"aaa sin ver","Libero.avi"
81,"aaa sin ver","Lilja Forever DVDRIP AC3 DUAL 2002.avi"
45,"aaa sin ver","Lincoln.avi"
79,"aaa sin ver","los crimenes del museo de cera.avi"
82,"aaa sin ver","Los girasoles Ciegos DVDRIP Ac3 2008.avi"
44,"aaa sin ver","Los Miserables.avi"
68,"aaa sin ver","Los mundos de coraline.avi"
90,"aaa sin ver","Margot.Y.La.Boda.avi"
95,"aaa sin ver","mario monicelli - rufufú (i soliti ignoti, 1958).avi"
84,"aaa sin ver","mongol.dvdscreener.avi"
63,"aaa sin ver","Moon.avi"
47,"aaa sin ver","Nader y Simin Una separación.avi"
77,"aaa sin ver","paris.br.sc.alex.avi"
91,"aaa sin ver","Perro come perro.(Cine colombiano).(DVDRip.Divx.Spanish.avi"
49,"aaa sin ver","Redencion Tyrannosaur.avi"
75,"aaa sin ver","Revolutionary Road.avi"
74,"aaa sin ver","Seraphine.avi"
39,"aaa sin ver","Synecdoche New York (V.O.S.E.).avi"
37,"aaa sin ver","Tabu (Miguel Gomes. 2012)vose.avi"
69,"aaa sin ver","Tokyo monogatari Cuentos de Tokio (1953.Yasujiro Ozu) VOSE.avi"
48,"aaa sin ver","Tras el Cristal.avi"
70,"aaa sin ver","tu y yo y todos los demas.avi"
59,"aaa sin ver","Un hombre soltero.avi"
71,"aaa sin ver","Vals con Bashir.avi"
58,"aaa sin ver","Villa Amalia.avi"
94,"aaa sin ver","vive como quieras (frank capra) esp.avi"
440,"Aki Kaurismaki","Kaurismaki, Aki - 1989 - Leningrad Cowboys Go America.avi"
439,"Aki Kaurismaki","La chica de la fábrica de cerillas (Aki Kaurismaki 1990).avi"
441,"Aki Kaurismaki","La vida de bohemia - Aki Kaurismaki - Sub Esp.avi"
438,"Aki Kaurismaki","Nubes Pasajeras - CON SUBTI1996 - Aki Kaurismaki.avi"
458,"Alejandro Gonzalez Iñarritu","21 gramos spanish divx5 mp3 dvdrip sedg.avi"
459,"Alejandro Gonzalez Iñarritu","amores perros (pelecula spanish dvix).avi"
461,"Alejandro Gonzalez Iñarritu","Babel.CD1.Spanish.[DvDScreener].[EstrenosDivX.CoM].avi"
460,"Alejandro Gonzalez Iñarritu","Babel.CD2.Spanish.[DvDScreener].[EstrenosDivX.CoM].avi"
209,"Alejandro Jodorowski","Alejandro Jodorowsky - Blanco Sobre Negro - Sanchez Drago - Psicomagia - 1Â° Parte.avi"
210,"Alejandro Jodorowski","Alejandro Jodorowsky - Blanco Sobre Negro - Sanchez Drago - Psicomagia - 2A Parte.avi"
211,"Alejandro Jodorowski","Alejandro Jodorowsky - Carta blanca - TV2 1-6-06 - Parte 1de3 (www.denadaunmucho.ya.st).avi"
212,"Alejandro Jodorowski","Alejandro Jodorowsky - Carta blanca - TV2 1-6-06 - Parte 2de3 (www.denadaunmucho.ya.st).avi"
213,"Alejandro Jodorowski","Alejandro Jodorowsky - Carta blanca - TV2 1-6-06 - Parte 3de3 (www.denadaunmucho.ya.st).avi"
206,"Alejandro Jodorowski","Alucarda, la hija de las tinieblas (1975, Alejandro Jodorowsky).avi"
207,"Alejandro Jodorowski","El Topo-Alejandro .Jodorowsky.avi"
208,"Alejandro Jodorowski","Santa Sangre (Alejandro Jodorowsky 1989).avi"
197,"Alfred Hichcock","Encadenados DVDRip by eleanor.avi"
198,"Alfred Hichcock","Sospecha (1941)-(Dvdrip-Spanish) By Innombrable.avi"
205,"Andrei Tarkovsky","El Espejo (Зеркало) (Andrei Tarkovsky, 1974) [VOS Spanish].avi"
204,"Andrei Tarkovsky","Solaris - Andrei Tarkovsky (1972) (Subtitulos En Español) Trap.avi"
5,"Arthur Penn","1958_El Zurdo (Paul Newman).avi"
6,"Arthur Penn","la jauria humana (1966) by fufo.avi"
497,"Bergman , Ingmar","[DivX ESP] Persona (1966, de Ingmar Bergman).avi"
493,"Bergman , Ingmar","Como En Un Espejo - Espanish 1962.1H 25M Ingmar Bergman Harriet Andersson Gunnar Björnstrand Max Von Sydow Locura Esquizofrenia Religion.avi"
491,"Bergman , Ingmar","El Séptimo Sello.avi"
503,"Bergman , Ingmar","El.manantial.de.la.doncella.(Spanish.Swedish).DVD-Rip.XviD-AC3.by.FitoCorleone.(proteinicos.es).avi"
494,"Bergman , Ingmar","Fresas Salvajes.avi"
502,"Bergman , Ingmar","INGMAR BERGMAN - Fanny y Alexander (Español XviD).avi"
500,"Bergman , Ingmar","Ingmar Bergman_1962_Los Comulgantes (Luz de Invierno) (Nattvardsgasterna) (Ingrid Thulin, Gunnar Bjornstrand).avi"
501,"Bergman , Ingmar","ingmar_bergman - 1970_pasion.avi"
492,"Bergman , Ingmar","La vergüenza [1968] Ingmar Bergman.avi"
499,"Bergman , Ingmar","La.hora.del.lobo.(Spanish.Swedish).DVD-Rip.XviD-mp3.by.GCC.(centralclasico.com).avi"
504,"Bergman , Ingmar","Saraband Vo Sst En Espagnol.mpg"
496,"Bergman , Ingmar","Secretos De Un Matrimonio (1973) Spanish Audio.avi"
495,"Bergman , Ingmar","Sonrisas.de.una.noche.de.verano.(Spanish.Swedish).DVD-Rip.XviD-mp3.by.GCC.(centralclasico.com).avi"
498,"Bergman , Ingmar","Un.Verano.Con.Monica.(Spanish.Swedish).DVD-Rip.XviD-mp3.by.FreAk.TEAm.(elitefreak.net).avi"
214,"Berlanga , Bardem , Ferreri y Azcona","7 Dias De Enero Juan Antonio Bardem.avi"
215,"Berlanga , Bardem , Ferreri y Azcona","Bienvenido Mr Marshall (Dvd-Rip) (Spanish Español Divx 5.02) Por Nick Ossio.avi"
216,"Berlanga , Bardem , Ferreri y Azcona","Calle.Mayor.(Juan.Antonio.Bardem.1956).XviD.MP3.FreAk.TEAm.avi"
233,"Berlanga , Bardem , Ferreri y Azcona","Comicos (1954) Juan Antonio Bardem.avi"
217,"Berlanga , Bardem , Ferreri y Azcona","El Bosque Animado (1987) By Sdg.avi"
218,"Berlanga , Bardem , Ferreri y Azcona","El Cochecito.1960.Pepe Isbert.avi"
219,"Berlanga , Bardem , Ferreri y Azcona","El pisito - [1958] - [J.L Lopez Vázquez].avi"
220,"Berlanga , Bardem , Ferreri y Azcona","El Verdugo (Dvdrip, Xvid, Mp3, Spanish, B-N, Dir Luis García Berlanga) (Nino Manfredi, Pepe Isbert, Jose Luis López Vázquez) By Caramono Sedg.avi"
222,"Berlanga , Bardem , Ferreri y Azcona","Esa pareja feliz (Luis García Berlanga y Juan Antonio Bardem 1951) Español.avi"
223,"Berlanga , Bardem , Ferreri y Azcona","Jueves Milagro, Los - L.G.Berlanga (1957) ESP.avi"
224,"Berlanga , Bardem , Ferreri y Azcona","La Gran Comilona - Marco Ferreri - La Grande Bouffe (1973) Con Subt Spanish.avi"
225,"Berlanga , Bardem , Ferreri y Azcona","La.escopeta.nacional...[DVDRip]..by.SDG.avi"
235,"Berlanga , Bardem , Ferreri y Azcona","La.vaquilla.[DVD-RIP.CVCD.by.ferrobus].mpg"
226,"Berlanga , Bardem , Ferreri y Azcona","Luis Garcia Berlanga - Calabuch (1956).avi"
227,"Berlanga , Bardem , Ferreri y Azcona","Luis García Berlanga - El Sueño De La Maestra - Cortometraje.avi"
234,"Berlanga , Bardem , Ferreri y Azcona","Muerte.de.un.ciclista.(1955).Bardem.[divx505&mp3][spanish].by.superlopez.avi"
228,"Berlanga , Bardem , Ferreri y Azcona","Nacional III Berlanga Divx.5.1.1-Mp3.Vrb.-.[www.divxclasico.com].-.by.Travis.avi"
229,"Berlanga , Bardem , Ferreri y Azcona","Patrimonio.Nacional.(Berlanga-1981).Spanish.DVDRip.avi"
230,"Berlanga , Bardem , Ferreri y Azcona","Plácido (Luis García Berlanga 1961) Español.avi"
231,"Berlanga , Bardem , Ferreri y Azcona","Tamaño.Natural.[Luis.García.Berlanga.1973].[Spanish.DVDRip.XviD-MP3].[www.filibusteros.com]..by.prote288.avi"
221,"Berlanga , Bardem , Ferreri y Azcona","Todos a la cárcel.avi"
232,"Berlanga , Bardem , Ferreri y Azcona","Viva la banda-alfredo landa,jose sancho-avi,divx 5.1.1,mp3.avi"
365,"Bernardo Bertolucci","El último tango en París - Marlon Brando-1972 - .avi"
237,"Billy Wilder","Billy Wilder - Aquí un Amigo.spanish.XviD.avi"
239,"Billy Wilder","en bandeja de plata [billy wilder] [dvdrip] [spanish].avi"
240,"Billy Wilder","La Tentacion Vive Arriba 1955.avi"
236,"Billy Wilder","Perdicion.[Billy.Wilder.1944].[DVDrip.spanish].[por.Gior].avi"
238,"Billy Wilder","Primera Plana (1974)(Billy Wilder).avi"
109,"Brian De Palma","EL PRECIO DEL PODER (Scarface)DVDRip divx5[riped by Turmix].avi"
481,"Bud Spencer & Terence Hill","04 - bud spencer & terence hill - mas fuerte muchachos(spanish).mpg"
483,"Bud Spencer & Terence Hill","aladino(2).mpg"
471,"Bud Spencer & Terence Hill","bud spencer & terence hill - banana joe.avi"
482,"Bud Spencer & Terence Hill","bud spencer & terence hill - dos granujas en el oeste.mpg"
478,"Bud Spencer & Terence Hill","bud spencer & terence hill - dos misioneros.mpg"
477,"Bud Spencer & Terence Hill","bud spencer & terence hill - dos superpolicias.avi"
472,"Bud Spencer & Terence Hill","bud spencer & terence hill - estoy con los hipopotamos.avi"
473,"Bud Spencer & Terence Hill","bud spencer & terence hill - quien tiene un amigo tiene un tesoro.avi"
475,"Bud Spencer & Terence Hill","bud spencer terence hill - el soldado de fortuna spanish dvdrip.avi"
474,"Bud Spencer & Terence Hill","bud spencer y terence hil - lle seguian llamaban trinidad.avi"
479,"Bud Spencer & Terence Hill","bud spencer y terence hill - como el perro y el gato.mpg"
476,"Bud Spencer & Terence Hill","bud spencer y terence hill - le llamaban trinidad.avi"
480,"Bud Spencer & Terence Hill","bud spencer y terence hill - y en nochebuena se armo el belen.mpg"
470,"Bud Spencer & Terence Hill","bud spencer y terence hill y despues le llamaron el magnifico.avi"
485,"Bud Spencer & Terence Hill","tu perdonas, yo no [bud spencer & terence hill] by ficha002 cvcd montaje dvdvhs spanish.mpg"
484,"Bud Spencer & Terence Hill","y si no nos enfadamos spanish.mpg"
336,"Buñuel","[CINE CLASICO]--Belle De Jour (L Bunuel) (1967)__DVDrip [Spanish]-[by ANDRÉS].avi"
330,"Buñuel","[CINE CLASICO]--El Angel Exterminador (1962)--(Luis Buñuel)--Silvia Pinal, Jacqueline Andere__DVDrip [Spanish]-[by ANDRÉS].avi"
332,"Buñuel","1. Abismos de pasion (L. Bunuel, 1954).avi"
341,"Buñuel","1959 Los Ambiciosos 1959 Luis Buñuel (Gerard Philipe, Maria Felix).VHS rip.avi"
342,"Buñuel","1964 - Diario de una camarera (Luis Buñuel).avi"
326,"Buñuel","Documental A Proposito De Buñuel 2000.avi"
343,"Buñuel","El Bruto (Luis Buñuel 1952).avi"
334,"Buñuel","El Discreto Encanto De La Burguesia (Luis Buñuel) -1972- Fernando Rey, Paul Frankeur, Michel Piccoli Español.avi"
329,"Buñuel","El.(Luis.Bunuel,.1953).(Spanish).DVD-Rip.XviD-mp3.by.Marc27.(filibusteros.com).avi"
335,"Buñuel","Ese Oscuro Objeto del Deseo (Luis Bunuel - 1977 - Fernando Rey, Carole Bouquet, Angela Molina) Spa-Fr.avi"
333,"Buñuel","La Edad De Oro - Luis Buñuel-Salvador Dalí (1930).avi"
337,"Buñuel","La Vía Láctea (Luis Buñuel, 1969).avi"
344,"Buñuel","La.Ilusion.Viaja.En.Tranvia.(Luis.Bunuel,1953).(Spanish).DVD-Rip.XviD-mp3.(en.emule).avi"
346,"Buñuel","Las Hurdes, tierra sin pan- VOSE (1932, Luis Buñuel, 26m 50s).mpg"
338,"Buñuel","Los Olvidados (1950, Luis Buñuel).avi"
328,"Buñuel","Luis Bunuel - Viridiana.avi"
345,"Buñuel","Luis Buñuel_1974_El Fantasma de la Libertad (Jean-Claude Brialy, Monica Vitti).avi"
340,"Buñuel","Nazarin (1958, Luis Buñuel - Francisco Rabal, Marga López, Rita Macedo - audio ITA).avi"
339,"Buñuel","Simon.del.desierto.(1965,.Luis.Bunuel)Castellano.(Spanish).DVB-Rip.XviD-mp3.by.Grupo.Cine.Clasico.(centralclasico.com).avi"
327,"Buñuel","Tristana (Luis Buñuel 1970) Dvdrip By George Kaplan.avi"
331,"Buñuel","Un Perro Andaluz 1929 (Luis Buñuel) (V O Sub-Esp) 15M (Perfecta) Por Pacino.avi"
321,"Charles Chaplin","Charles Chaplin - luces de la ciudad.mpg"
390,"Charles Laughton","La.noche.del.cazador.1955.DVDrip.Dual.[ZonaRippers.para.Elitefreak.net].by.Cerni.avi"
316,"David Lynch","Cabeza borradora [David Lynch] [1977] [VOSE].avi"
314,"David Lynch","Carretera Perdida.avi"
319,"David Lynch","Corazon.Salvaje.(1990).avi"
317,"David Lynch","El.hombre.elefante.(David.Lynch,.1980).(Spanish.English).HDrip.XviD-AC3.by.araubi.(sharezade.net).avi"
315,"David Lynch","Mulholland Drive HD.avi"
318,"David Lynch","Terciopelo Azul (Blue Velvet) - Spanish Xvid Mp3 Dvdrip.avi"
320,"David Lynch","Una.Historia.Verdadera.(Spanish.English).DVD-Rip.XviD-AC3.by.mariscalfito.(proteinicos.es).avi"
241,"Ernst Lubistch","Cluny Brown (El Pecado de Cluny Brown) [Lubitsch, 1946] [XViD-AC3] [English-Español] - DXC.avi"
242,"Ernst Lubistch","El.Diablo.Dijo.No_[Ernst.Lubitsch_VOS.castellano]_VHSrip_DivX.by.Kioto.avi"
243,"Ernst Lubistch","La Momia (Ernst Lubitsch 1918).avi"
244,"Ernst Lubistch","La Viuda Alegre (The Merry Widow) (1934) (V. O.) (Lubitsch).avi"
245,"Ernst Lubistch","Las.hijas.del.cervecero.(Lubitsch_1920).[VHS_RIP_by_eastwood].avi"
246,"Ernst Lubistch","Lo.que.piensan.las.mujeres.(Ernst.Lubitsch.1941).(Español.DVDrip).avi"
251,"Ernst Lubistch","ninotchka 1939 greta garbo spanish dvdrip por pepe xvid 1 2 mp3 128.avi"
247,"Ernst Lubistch","remordimiento.avi"
248,"Ernst Lubistch","Una mujer para dos (1933) [SATrip] XviD.MP3 (Espa) por Marc27.avi"
250,"Ernst Lubistch","Una_noche_en_Arabia.(Lubitsch_1920).[VHS_RIP_by_eastwood].avi"
249,"Ernst Lubistch","Una.hora.contigo.VOSE.Lubitsch.VHSRip.Divx.by.ancademi.avi"
510,"Fellini","Amarcord [DVDRip DivX Spanish].avi"
512,"Fellini","HISTORIAS.EXTRAORDINARIAS.(DVD.VHS.DUAL.Spanish-Français)Fellini,Malle.y.Vadim,.1968).by.Killer.Bob.avi"
511,"Fellini","ocho y medio - federico fellini (1963 spanish sub).avi"
252,"Francis Ford Coppola","Apocalypse Now Redux (Spanish Dvd-Rip) Cd1 By Mel.avi"
253,"Francis Ford Coppola","Apocalypse Now Redux (Spanish Dvd-Rip) Cd2 By Mel.avi"
255,"Francis Ford Coppola","El Padrino II. HDRip.avi"
256,"Francis Ford Coppola","El Padrino III. HDRip.avi"
254,"Francis Ford Coppola","El Padrino. HDRip.avi"
257,"Francis Ford Coppola","Rebeldes.1983.Francis Ford Coppola.ESPAÑOL.mpg"
260,"François Truffaut","Besos Robados (François Truffaut,1968) Dual Dvdrip By E-Trax.avi"
261,"François Truffaut","la noche americana.avi"
258,"François Truffaut","Tirad Sobre el Pianista (François Truffaut,1960) DVDRip Dual [Fra-Esp] [XviD-mp3] by e-trax.avi"
259,"François Truffaut","Vivamente el domingo.Truffaut.(DVDrip Español).avi"
381,"Fritz Lang","Fritz Lang - Perversidad [1945].avi"
382,"Fritz Lang","La Mujer Del Cuadro (Fritz Lang)-(Tvrip Divx505 By Jpetrus).avi"
383,"Fritz Lang","Los Sobornados (1953, Fritz Lang), (The Big Heat) - Dual By Depana.avi"
384,"Fritz Lang","M, el Vampiro de Dusseldorf.avi"
36,"George Cukor","La costilla de Adan - español.Spencer Tracy.Katharine Hepburn.completa.mpg"
35,"George Cukor","Vivir para gozar - Holiday [DVDRip-Dual] by merxe.avi"
375,"George Roy Hill","dos hombres y un destino.avi"
374,"George Roy Hill","el.golpe.-.[.].-spanish.divx.avi"
199,"Harold Lloyd","Harold Lloyd - 1919 - Ask Father.avi"
200,"Harold Lloyd","Harold Lloyd - 1920 - An Eastern Western.avi"
201,"Harold Lloyd","Harold Lloyd - 1920 - El Borracho y la Sonanbula [subs esp].avi"
202,"Harold Lloyd","Harold Lloyd - 1920 - From Hand to Mouth.avi"
203,"Harold Lloyd","Harold Lloyd - 1921 - Never Weaken.avi"
308,"Howard Hawks","Bogart-El Sueño Eterno [Howard Hawks.1946] DVDRip Spanish.avi"
309,"Howard Hawks","La.fiera.de.mi.niña.(bringing.up.baby).avi"
310,"Howard Hawks","Luna.Nueva.(1940).(His.Girl.Friday).avi"
312,"Howard Hawks","Me siento rejuvenecer - Monkey bussiness -(1952)-(Dual).avi"
313,"Howard Hawks","Solo los ángeles tienen alas (Only angels have wings)(1939)(Dual) para Divxclasico.avi"
311,"Howard Hawks","Tener y no Tener.avi"
263,"J. L. Godard","[狂人皮埃洛].Pierrot.le.fou.1965.DVDRip.XviD.AC3.CD1-iNOS.avi"
264,"J. L. Godard","[狂人皮埃洛].Pierrot.le.fou.1965.DVDRip.XviD.AC3.CD2-iNOS.avi"
265,"J. L. Godard","Band.of.Outsiders.1964.DVDRip.XviD-SEVcD.avi"
266,"J. L. Godard","Godard - Masculin Feminin (1966).avi"
270,"J. L. Godard","King Lear (Vhsrip)(Jean-Luc Godard, 1987)(Spanish Subtitles).mpg"
267,"J. L. Godard","Le Mepris (Contempt - The Criterion Collection) (Jean-Luc Godard, 1963) DVDRip DivXClasico.avi"
269,"J. L. Godard","Une Femme Mariee (1964).Godard.DVDRip[hellboytr].avi"
268,"J. L. Godard","Une.femme.est.une.femme.1961.Godard.[Criterion].DVD.DivX52.avi"
262,"J. L. Godard","Vivir Su Vida 1962 [Jean-Luc Godard][DUAL].avi"
272,"J.L. Mankiewitz","Eva al Desnudo (1950 - Joseph L. Mankiewicz).avi"
271,"J.L. Mankiewitz","LA_HUELLA(L.Olivier_M.Caine)_Español_1972.avi"
350,"Jim Jarmush","Coffee.And.Cigarettes.Spanish.XviD.MP3.DVDRiP.by.G-TeaM.SEDG.avi"
353,"Jim Jarmush","Dead.Man.(Jim.Jarmusch,.1995).DVDRip.Xvid.Dual.En-Spa.avi"
349,"Jim Jarmush","Down By Law Jim Jarmush - Bajo El Peso De La Ley Subt n Esp.avi"
351,"Jim Jarmush","Jim Jarmusch - Flores rotas (Spanish).avi"
352,"Jim Jarmush","Noche en la tierra.avi"
354,"Jim Jarmush","Stranger_Than_Paradise.[Jim_Jarmusch].avi"
368,"Joel Coen","El gran Lebowski.avi"
369,"Joel Coen","muerte.entre.las.flores.[spanish-dvdrip].[xvid mp3].by.sdg.avi"
367,"Joel Coen","O Brother! - Hermanos Cohen - Dvdrip Spanish Xvid-Mp3.avi"
370,"Joel Coen","Quemar despues de leer[HM].avi"
11,"John Ford","El Hombre Que Mato A Liberty Valance (John Ford 1962)(James Stewart John Wayne).mpg"
12,"John Ford","el hombre tranquilo [john ford]en dolby altísima calidad).mpg"
10,"John Ford","Que verde era mi valle (1941) - John Ford - Walter Pidgeon, Maureen O'Hara, Anna Lee, Donald Crisp, Roddy McDowall.avi"
431,"John Huston","La_noche_de_la_iguana_TV_RIP_Divx_505.avi"
7,"John Sturges","1960_Los Siete Magnificos (Yul Briner, Steve Mcqueen, Charles Bronson, James Coburn).avi"
8,"John Sturges","La.Gran.Evasion.Ed.Especial.(Spanish.English).(DVD-Rip).(XviD-AC3).(by.Caramono).(forosedg.com).avi"
376,"Ken Loach","El.Viento.que.Agita.la.Cebada.Spanish.[DvDScreener].[EstrenosDivX.CoM].avi"
377,"Ken Loach","Felices.Dieciseis_K.Loach_2002_UK_LIMITED_DVDRip_XviD_RebeldeMule_Spanish.avi"
437,"Krzysztof Kieslowski","No Amarás - Krzysztof Kieslowski - A Short Film About Love (1988) (Spanish).avi"
273,"Kurosawa","Dersu Uzala El Cazador Akira Kurosawa.avi"
274,"Kurosawa","El infierno del odio (1963) Akira Kurosawa [Divx 5.0.2 spanish] by Aciago Demiurgo.avi"
275,"Kurosawa","Rashomon (Akira Kurosawa, 1950) Dvdrip Xvid-Mp3 Spanish By Caramono Para Elitefreak Net.avi"
276,"Kusturica","El Tiempo De Los Gitanos (1988) CD1.avi"
277,"Kusturica","El Tiempo De Los Gitanos (1988) CD2.avi"
279,"Kusturica","Underground-V.O.S.CD1[DULM].avi"
278,"Kusturica","Underground-V.O.S.CD2[DULM].avi"
451,"Lars Von Trier","Rompiendo.las.olas.(Lars.Von.Trier.Spanish).avi"
452,"Los Hermanos Marx","1940 - LOS HERMANOS MARX EN EL OESTE.avi"
13,"Louis Malle","Adiós muchachos.Louis Malle.1987.dual esp-fra.avi"
489,"Martin Scorsese","Bob Dylan - No direction home Part_1_divx_1h53min_(spanish subtitles_subtitulos en español)[pacoadur].avi"
490,"Martin Scorsese","Bob Dylan - No direction home Part_2_divx_1h31min_(spanish subtitles_subtitulos en español)[pacoadur].avi"
487,"Martin Scorsese","la ultima tentacion de cristo (martin scorsese 1988) (español english dvdrip) mpg.avi"
486,"Martin Scorsese","martin scorsese malas calles robert de niro y harvey keitel.avi"
488,"Martin Scorsese","Quien_llama_a_mi_puerta_Dual_DVDRip_1968.avi"
457,"Michael Winterbottom","24.Hours.Party.People.DvD-Rip.KVCD.Spanish.by.[CaLaFaT].Grup.AR_MI.mpg"
454,"Michael Winterbottom","toytrisete11.avi.avi"
455,"Michael Winterbottom","toytrisete22.avi.avi"
453,"Michael Winterbottom","toytrisete33.avi.avi"
456,"Michael Winterbottom","Wonderland (Michael Winterbottom, 1999).avi"
389,"Michel Gondry","Human.Nature.DVD-Rip.Divx5-Mp3.Spanish.Grup.AR_MI.avi"
387,"Michel Gondry","La.Ciencia.del.Sueno.Spanish.avi"
388,"Michel Gondry","Olvidate.De.Mi.avi"
385,"Milos Forman","Hair (EspaÃ±ol Spanish) (Subs solo canciones).avi"
386,"Milos Forman","jim carrey - man on the moon [dvdrip][spanish](5).avi"
392,"Monty Python","La.vida.de.Brian.spanish.divx.avi"
430,"Monty Python","Los caballeros de la tabla cuadrada.mpg"
401,"Monty Python","monty python - se armo la gorda[spanish dvdrip][divx mp3].avi"
400,"Monty Python","monty python 06 - esto es arte (subtitulado en español).avi"
402,"Monty Python","monty python's flying circus - 1x01 - wither canada (subtitulado en castellano_spanish).avi"
403,"Monty Python","monty python's flying circus - 1x02 - sex and violence (subtitulado en castellano_spanish).avi"
404,"Monty Python","monty python's flying circus - 1x04 - owl stretching time (subtitulado en castellano_spanish)divx.avi"
405,"Monty Python","monty python's flying circus - 1x05 - man's crisis of identity(subtitulado en castellano_spanish).avi"
406,"Monty Python","monty python's flying circus - 1x06 - it´s the arts (subtitulado en castellano_spanish).avi"
407,"Monty Python","monty python's flying circus - 1x08 - full frontal nudity (subtitulado en castellano_spanish).avi"
408,"Monty Python","monty python's flying circus - 1x10 - untitled (subtitulado en castellano_spanish).avi"
409,"Monty Python","monty python's flying circus - 1x11 - the royal philharmonic orchestra (subtitulado en castellano_spanish).avi"
410,"Monty Python","monty python's flying circus - 1x12 - the naked ant (subtitulado en castellano_spanish).avi"
411,"Monty Python","monty python's flying circus - 1x13 - intermission (subtitulado en castellano_spanish).avi"
412,"Monty Python","monty python's flying circus - 2x01 - face the press (subtitulado en castellano_spanish).avi"
413,"Monty Python","monty python's flying circus - 2x02 - the spanish inquisition (subtitulado en castellano_spanish).avi"
414,"Monty Python","monty python's flying circus - 2x03 - déjà vu (subtitulado en castellano_spanish).avi"
415,"Monty Python","monty python's flying circus - 2x04 - the buzz aldrin show (subtitulado en castellano_spanish).avi"
416,"Monty Python","monty python's flying circus - 2x06 - it's a living (subtitulado en castellano_spanish).avi"
417,"Monty Python","monty python's flying circus - 2x07- the attila the hun show (subtitulado en castellano_spanish).avi"
418,"Monty Python","monty python's flying circus - 2x08 - archeology today (subtitulado en castellano_spanish).avi"
419,"Monty Python","monty python's flying circus - 2x10 - scott of the antarctic (subtitulado en castellano_spanish).avi"
420,"Monty Python","monty python's flying circus - 2x12 - spam (subtitulado en castellano_spanish).avi"
421,"Monty Python","monty python's flying circus - 2x13 - royal episode (subtitulado en castellano_spanish).avi"
422,"Monty Python","monty python's flying circus - 3x01 - whicker's world (subtitulado en castellano_spanish).avi"
423,"Monty Python","monty python's flying circus - 3x03 - the money programme (subtitulado en castellano_spanish).avi"
424,"Monty Python","monty python's flying circus - 3x06 - the war against pornography (subtitulado en castellano_spanish).avi"
425,"Monty Python","monty python's flying circus - 3x07 - salad days (subtitulado en castellano_spanish).avi"
426,"Monty Python","monty python's flying circus - 3x08 - the cycling tour (subtitulado en castellano_spanish).avi"
427,"Monty Python","monty python's flying circus - 3x09 - the nude organist (subtitulado en castellano_spanish).avi"
428,"Monty Python","monty python's flying circus - 3x10 - e henry tripshaw's desease (subtitulado en castellano_spanish).avi"
429,"Monty Python","monty python's flying circus - 3x11 - dennis moore (subtitulado en castellano_spanish).avi"
393,"Monty Python","monty python's flying circus - 3x12 - a book at bedtime (subtitulado en castellano_spanish).avi"
394,"Monty Python","monty python's flying circus - 3x13 - grandstand (subtitulado en castellano_spanish).avi"
395,"Monty Python","monty python's flying circus - 4x02 - michael ellis (subtitulado en castellano_spanish).avi"
396,"Monty Python","monty python's flying circus - 4x03 - light entertainment war (subtitulado en castellano).avi"
397,"Monty Python","monty python's flying circus - 4x04 - hamlet (subtitulado en castellano_spanish).avi"
398,"Monty Python","monty python's flying circus - 4x05 - mr neutron (subtitulado en castellano_spanish).avi"
399,"Monty Python","monty python's flying circus - 4x06 - party political broadcast (subtitulado en castellano_spanish).avi"
9,"Murnau","Amanecer (Murnau, 1927) Cine Mudo.avi"
447,"Oliver Stone","Comandante.Oliver.Stone.Spanish.DVD-Rip.svcd.Sub.Castellano.By.Galamu.mpg"
446,"Oliver Stone","Platoon.Spanish.DVD-Rip.Xvid-Mp3.DVD-RiPPeRS_[Para.www.BajandoDivx.com].avi"
280,"Orson Welles","El cuarto Mandamiento -Orson Welles (1942)  [español Dvdrip].avi"
281,"Orson Welles","La dama de Shanghai - Orson Welles (1948) (DVDRip Spa-Eng).avi"
450,"Otto Preminger","Anatomia De Un Asesinato.avi"
449,"Otto Preminger","Laura. OTTO PREMINGER (1944) (Cine Clasico).avi"
448,"Otto Preminger","Rio sin retorno (1954) - Otto Preminger - Marilyn Monroe & Robert Mitchum (Dual English-Spanish, DivX, mp3).avi"
467,"Paul Thomas Anderson","Boogie Nights.avi"
468,"Paul Thomas Anderson","Hard.Eight.1997 (Sydney).iNTERNAL.DVDRiP.XViD-HLS.avi"
462,"Paul Thomas Anderson","magnolia [spanish dvdrip].avi"
464,"Paul Thomas Anderson","Magnolia.1999.WS.iNTERNAL.PAL.DVDRiP.XviD.AC3.5.1ch-fiNaLe.1.avi"
465,"Paul Thomas Anderson","Magnolia.1999.WS.iNTERNAL.PAL.DVDRiP.XviD.AC3.5.1ch-fiNaLe.2.avi"
463,"Paul Thomas Anderson","punch drunk love - embriagado de amor spanish divx 5 0 5 mp3.avi"
466,"Paul Thomas Anderson","Punch_Drunk_Love.avi"
469,"Paul Thomas Anderson","The.Master.[Spanish].DVDScreener.XviD.[DTL].avi"
33,"Preston Sturges","Las Tres Noches De Eva (Barbara Stanwyck, Henry Fonda) Satrip (Spanish) (Grupo Cine-Clasico Bajandodivx).avi"
34,"Preston Sturges","N-LOS VIAJES DE SULLIVAN- Spanish- Preston Sturges (1941) By Juanfran.avi"
110,"Quentin Tarantino","Death.Proof.DVD-Rip.Xvid-Mp3.Spanish..avi"
112,"Quentin Tarantino","Malditos.Bastardos.2009.TS.HQ.SPANiSH.XViD..avi"
111,"Quentin Tarantino","reservoir dogs [quentin tarantino 2002].avi"
371,"Robert Altman","El juego de Hollywood.avi"
373,"Robert Altman","Vidas Cruzadas [DVDrip By Jonnycinema] Spanish CD1.mpg"
372,"Robert Altman","Vidas.Cruzadas.[DVDrip.By.Jonnycinema].Spanish.CD2.mpg"
442,"Rodrigo Garcia","Nueve.Vidas.Spanish.[DvDScreener].[EstrenosDivX.CoM].avi"
325,"Roger Corman","Conquistaron el Mundo(It Conquered the World) Corman, Roger (1956)  [eng espsub].mpg"
322,"Roger Corman","El hombre con rayos X en los ojos (Roger Corman 1963)  CLASIC F .avi"
323,"Roger Corman","La Matanza del Dia de San Valentin (Roger Corman Vhs-Rip by Vern).avi"
324,"Roger Corman","Mama.Sangrienta.(Roger.Corman.1969).by.ismadj.avi"
282,"Roman Polansky","La Muerte Y La Doncella. 1994. ROMAN POLANSKI. Sigourney Weaver. Spanish..avi"
283,"Roman Polansky","La.Semilla.del.Diablo...[DVDRip]..by.SDG.avi"
285,"Roman Polansky","lunas.de.hiel.-.roman.polanski.-.cvcd-.by.Catalion.mpg"
286,"Roman Polansky","Repulsion.[Roman.Polanski.1965].Spanish.CVCD.DVDRip.by.EVCDGroup.Rubia26-Cordoba.mpg"
284,"Roman Polansky","Un.Dios.Salvaje.[2011].[Spanish].DVDScreener.XviD.avi"
444,"Sam Peckinpah","Grupo Salvaje (Sam Peckinpah,1969) Spanish Ripeado Por Jakobo.avi"
443,"Sam Peckinpah","Perros.De.Paja.Spanish.XviD.MP3.DVDRip.By.FreAk.TEAm.avi"
445,"Sam Peckinpah","Sam Peckinpah - La Huida (1972).avi"
378,"Sergio Leone","Erase una vez en America.[CD2].Robert de Niro.avi"
379,"Sergio Leone","Erase.una.vez.en.America.[CD1].[DvD-RiPPeRS][Indicedonkey.com][Spanish.Divx.5.0.5,MP3].avi"
380,"Sergio Leone","Hasta.que.llego.su.Hora.[DvdRip-Dual-Mp3].avi"
363,"Spike Jonze","Como.ser.John.Malkovich.avi"
364,"Spike Jonze","El.ladron.de.orquideas.(Adaptation).avi"
362,"Spike Jonze","I'm Here (2010) - Spike Jonze.avi"
288,"Stanley Kubrik","2001 una odisea del espacio (stanley kubrick).avi"
292,"Stanley Kubrik","Atraco.Perfecto.[Stanley.Kubrick].[DVDivX.Spanish].avi"
290,"Stanley Kubrik","cine belico - senderos_de_gloria_[stanley_kubrick].avi"
293,"Stanley Kubrik","El Beso Del Asesino (Stanley Kubrick-1955).avi"
294,"Stanley Kubrik","El Resplandor DVDRip AC3 Dual [www.hermeticos.org].avi"
291,"Stanley Kubrik","la chaqueta metálica.avi"
287,"Stanley Kubrik","la naranja mecanica spanish divx.avi"
289,"Stanley Kubrik","telefono rojo volamos hacia moscu(stanley kubrick)[www emwreloaded com].avi"
347,"Takeshi Kitano","Dolls (De Takeshi Kitano) [Spanish DVDrip][XviD].avi"
348,"Takeshi Kitano","Zatoichi_SpanishDVDrip_XviD[agujero]BySerpico.avi"
194,"Terrence Malick","El.arbol.de.la.vida(2011).(Spanish).DVD-Rip.XviD-AC3.by.elhobbyt.(emulesonic.com).avi"
192,"Terrence Malick","El.Nuevo.Mundo.(Spanish.English).DVD-Rip.XviD-AC3.by.Pinguino.(blueteam).avi"
196,"Terrence Malick","La.delgada.linea.roja.(1998).(Spanish.English).DVD-Rip.XviD-AC3.by.rodosky.(hispashare.com).avi"
193,"Terrence Malick","Richard Gere - Dias Del Cielo - Terrence Malick (1978) Dvdrip Spanish Xvid.avi"
195,"Terrence Malick","To.The.Wonder.(Spanish).HDrip.XviD-AC3.by.Nash.(redemule.com).avi"
391,"Tim Burton","Ed Wood 1994 [DvDRip].avi"
2,"Todd Solondz","Happiness.mpg"
1,"Todd Solondz","Storytelling (Cosas que no se olvidan)[Todd Solondz.2001] [Spanish Subtitles].avi"
366,"Vittorio de Sica","El Ladron de bicicletas.avi"
4,"Wayne Wang","Blue In The Face (Wayne Wang & Paul Auster, 1995) (Dual-Eng-Spa)+(Subt. Spanish) (ver despues de smoke).avi"
3,"Wayne Wang","Smoke (Wayne Wang 1995) DVDRiP AC3 Completa Sub-Spanish.avi"
513,"Wes Anderson","Bottle Rocket (Ladrón que roba a un ladrón) (1996) - Wes Anderson - VOSE.avi"
514,"Wes Anderson","Life.Aquatic.DVD-Screener.Xvid-Mp3.Spanish.By.Grup..AR_MI.avi"
516,"Wes Anderson","los.tenenbaums..una.familia.de.genios.spanish.DvD.ripp.[Divx5.05.+Mp3][By.BouNCeR_RiPPeR].avi"
515,"Wes Anderson","Moonrise.Kingdom.(Spanish).HDrip.XviD-AC3.by.KaNyO.(hispashare.com).avi"
433,"William Wyler","El Coleccionista William Wyler 1965 Spanish Español.avi"
435,"William Wyler","La Heredera (Bette Davis) -1949 (Spanish) By Lang.avi"
434,"William Wyler","La.Loba.(William.Wyler,1941).(Spanish).(DVB-Rip).(XviD-mp3).(by.Marc27).(filibusteros.com).avi"
432,"William Wyler","Los mejores años de nuestra vida.Oscar1946.DVDRip.Spanish.Divx.Elo.avi"
436,"William Wyler","vacaciones en roma gregory peck dvdrip avi español.avi"
358,"Win Wenders","Alicia.en.las.ciudades-Win.Wenders.avi"
355,"Win Wenders","El cielo sobre Berlín [Spanish] [DVDRIP] [PCTorrent.com].avi"
357,"Win Wenders","el estado de las cosas (1982) wim wenders.avi"
361,"Win Wenders","El.Amigo.Americano.(Wim.Wenders).DVDRip.CVCD.by.joevi.mpg"
356,"Win Wenders","En El Curso Del Tiempo - Wim Wenders.avi"
359,"Win Wenders","Paris_Texas Dual 1984 [DvDRip].avi"
360,"Win Wenders","Wim Wenders (Pina 3D.2011)vose.avi"
505,"Wong Kar-Wai","2046 [spanish-dvdrip] [xvid mp3].avi"
506,"Wong Kar-Wai","Chungking Express.1994.[DVDRip].XVID.AC3.SPA.avi"
509,"Wong Kar-Wai","Deseando Amar (In the Mood for Love - Fa Yeung Nin Wa) - Kar Wai Wong 2000.avi"
507,"Wong Kar-Wai","Fallen.Angels.(Duo.luo.tian.shi-Wong.Kar.Wai-1995).[DVDRip.XViD.2pass-Lame.mp3.VBR].[DUAL.español.spanish-chinese]-[TkH].avi"
508,"Wong Kar-Wai","My Blueberry Nights.avi"
305,"Woody Allen","Manhattan.by.     Mane.avi"
295,"Woody Allen","Melinda y Melinda (Woody Allen, 2004) [DVDrip] [Español-English].avi"
303,"Woody Allen","Midnight.In.Paris.Spanish.XviD.MP3.DVDRip.By.FreAk.TEAm.avi"
301,"Woody Allen","Scoop.Spanish.[TeleSync].[EstrenosDivX.CoM].avi"
306,"Woody Allen","Si.La.Cosa.Funciona.2009.DVDSCR.CASTELLANO.XViD.avi"
304,"Woody Allen","sueños de un seductor (woody allen).avi"
296,"Woody Allen","Woody Allen - Acordes Y Desacuerdos - Spanish.avi"
302,"Woody Allen","woody allen - toma el dinero y corre.avi"
297,"Woody Allen","Woody Allen - What'S Up Tiger Lily - Lily La Tigresa - VOS [EMW].avi"
298,"Woody Allen","woody allen..La Maldicion del Escorpion de Jade (Español) (Spanishare Divx Group)Divx5.avi"
299,"Woody Allen","Woody_Allen_El_dormilon.avi"
307,"Woody Allen","Woody.Allen.Todo.Lo.Que.Siempre.Quiso.Saber.Sobre.El.Sexo.(Spanish.CVCD).by.Filiprim.mpg"
300,"Woody Allen","Zelig [spanish][Woody Allen][DVDrip][divxpro502]by ranchito.avi"
